"","Titulo","Precio"
"1","JACKSON Guitarra Eléctrica Pro Series Soloist SL7 HT","  999990 "
"2","FENDER Guitarra Eléctrica Stratocaster American professional Black","  1249990 "
"3","FENDER Guitarra Eléctrica Stratocaster American professional Black","  1249990 "
"4","FENDER Guitarra Eléctrica Telecaster American professional Sunburst","  1559990 "
"5","FENDER Guitarra Eléctrica AMERICAN PROFESSIONAL STRATOCASTER® Sunburst","  1249990 "
"6","Fender Guitarra Electrica Fender Tele Super Deluxe Thinline Orange","  1799990 "
"7","KAPOK Guitarra Electrica Pack,color negro","  109991 "
"8","JACKSON Guitarra Electrica X Series Warrior WRX24 Color Natural","  599990 "
"9","GRETSCH Guitarra Electrica G6128T Jet FT Player Edition w/ Bigsby color Negro (Japan)","  1799990 "
"10","FENDER Guitarra Electrica Parallel Universe Troublemaker Telecaster Ice Metallic Blue","  1699990 "
"11","FENDER Guitarra Electrica Parallel Universe Troublemaker Telecaster Iced Tea Burst","  1699990 "
"12","FENDER Guitarra Electrica Player Stratocaster PF Color Sage Metallic Green","  564991 "
"13","FENDER Guitarra Electrica Jaguar Johnny Marr Lake Placid Blue","  1499990 "
"14","SQUIER Guitarra Eléctrica Tele Contemporany HH Color Dark Metallic Red (Zurdo)","  275990 "
"15","Guitarra Eléctrica Strato Player Color Black","  549989 "
"16","EVH Guitarra Eléctrica Striped Series 5150","  1299991 "
"17","Guitarra Eléctrica Strato Contemporany Activa HH Color Fat Black","  259990 "
"18","Guitarra Eléctrica Strato Contemporary HSS Color Black Metallic","  229990 "
"19","SQUIER Guitarra Eléctrica Stratocaster AFFINITY SERIES Silver","  174990 "
"20","SQUIER Pack Guitarra Eléctrica Stratocaster AFFINITY HSS color Rojo con Amplificador Fender 15W","  249990 "
"21","Pack Guitarra Eléctrica Stratocaster AFFINITY HSS color Sunburst con Amplificador Fender 15W","  229990 "
"22","SQUIER Pack Guitarra Eléctrica Strato Affinity HSS color rojo con Amplificador Fender 15W","  229990 "
"23","SQUIER Guitarra Eléctrica Strato Standard FMT Amber Burst","  219991 "
"24","MAXTONE Pack de Guitarra Eléctrica color negro","  89990 "
"25","FENDER Guitarra Eléctrica Player Stratocaster PF Color Sonic Red","  499990 "
"26","Guitarra Eléctrica Jazzmaster Player PH Color Polar White","  549989 "
"27","SQUIER Guitarra Eléctrica Jaguar Vintage Modified Sunburst","  299989 "
"28","Guitarra Eléctrica Strato Contemporary Activa HH Color Olympic White","  259990 "
"29","Guitarra Eléctrica Tele Player LH Color Black para Zurdo","  419990 "
"30","JACKSON Guitarra Eléctrica X Series Soloist SLATHX3 (7 Cuerdas) Negro","  499990 "
"31","SQUIER Guitarra Eléctrica Jaguar Vintage Modified White","  299989 "
"32","SQUIER Guitarra Eléctrica Jazzmaster Vintage Modified Rojo","  299989 "
"33","SQUIER Guitarra Eléctrica Jaguar Vintage Modified Candy","  299989 "
"34","SQUIER Guitarra Eléctrica Tele Vintage Modified '72 Thinline Natural","  349990 "
"35","SQUIER Guitarra Eléctrica Tele Vintage Modified Deluxe Olympic white","  299989 "
"36","SQUIER Guitarra Eléctrica Tele Classic Vibe Thinline color Natural","  329991 "
"37","SQUIER Guitarra Eléctrica Tele Vintage Modified 72 Thinline Sunburst","  349990 "
"38","SQUIER Guitarra Eléctrica Jazzmaster Deluxe ST Candy","                      299989                "
"39","FENDER Guitarra Eléctrica Thinline Stratocaster Eric Johnson Vintage White","  1699990 "
"40","FENDER Guitarra Eléctrica Tele American Original '60s Lake Placid Blue","  1699990 "
"41","FENDER Guitarra Eléctrica Tele PF Classic series 60's color Candy Apple Red","  633990 "
"42","JACKSON Guitarra Eléctrica SLATXMG 3-6 Metallic Blue","  599990 "
"43","JACKSON Guitarra Eléctrica X Series Soloist SLATXMG X Transparent Red","  599990 "
"44","FENDER Guitarra Eléctrica Edición Limitada Strat-Tele Hybrid Sunburst","                      1499990                "
"45","FENDER Guitarra Eléctrica Parallel Universe (Jazz -Tele Hybrid) Sunburst","  1499990 "
"46","FENDER Guitarra Eléctrica AM ELite Telecaster HSS Edición Limitada","                      1499990                "
"47","JACKSON Guitarra Eléctrica Pro Series Signature Misha Mansoor","  699990 "
"48","Fender Guitarra Electectrica Fender Ed O'Brien Sustainer Olympic White w/bag","  899990 "
"49","SCHECTER Guitarra Eléctrica Wylde War Hammer-FR GP","                      699990                "
"50","SCHECTER Guitarra Eléctrica Wylde Viking Pinstripe","  679990 "
"51","FENDER Guitarra Eléctrica Deluxe Tele® Thinline Candy Apple Red","                      711990                "
"52","FENDER Guitarra Eléctrica Classic Series '72 Telecaster® Thinline Sunburst","                      709990                "
"53","FENDER Guitarra Eléctrica Deluxe Tele® Thinline Sunburst","  701991 "
"54","JACKSON Guitarra Eléctrica 8 Cuerdas X Series Negra","                      849990                "
"55","Guitarra Eléctrica BANSHEE ELITE-6 Natural","  699990 "
"56","GRETSCH Guitarra Eléctrica G5420T de caja color FBL","  799991 "
"57","FENDER Guitarra Eléctrica Tele Player PF Color Sunburst","  549989 "
"58","GRETSCH Guitarra Eléctrica G100CE Synchromathic Cutaway Natural","  618990 "
"59","FENDER Guitarra Eléctrica Strato Player PF Polar White","  564991 "
"60","FENDER Guitarra Eléctrica Strato Player PF Color Black","  549989 "
"61","FENDER Guitarra Eléctrica AMERICAN PROFESSIONAL STRATOCASTER®","                      1249990                "
"62","FENDER Guitarra Eléctrica Parallel Universe Meteora Butterscotch Blonde","  1799990 "
"63","FENDER Guitarra Eléctrica Parallel Universe Jaguar Strat CAR","  1799990 "
"64","FENDER Guitarra Eléctrica Whiteguard Strato Vitage Blonde","                      1799990                "
"65","FENDER Guitarra Eléctrica CLASSIC SERIES '50S STRATOCASTER® LACQUER","  765990 "
"66","Guit Elect Fender Strat Signature Albert Hammond Jr. Olympic White","  999990 "
